{"filter hits@1": [0.005189620889723301, 0.005303678568452597], "filter hits@10": [0.22834330797195435, 0.2285144031047821], "filter hits@100": [0.47584831714630127, 0.5226689577102661], "filter hits@3": [0.1336755007505417, 0.12911319732666016], "filter mr": [2071.06640625, 1416.9742431640625], "filter mrr": [0.09080588817596436, 0.08945383876562119], "hits@1": [0.005189620889723301, 0.005588822532445192], "hits@10": [0.2653549909591675, 0.2674650549888611], "hits@100": [0.48645564913749695, 0.536070704460144], "hits@3": [0.15933845937252045, 0.15449102222919464], "mr": [2057.174560546875, 1404.7010498046875], "mrr": [0.10411640256643295, 0.10281432420015335], "loss": [1.1980368582377756, 0.6595878506961622], "train_time": [3.5629451274871826, 3.650847911834717], "evaluate_time": [120.95880603790283, 347.0329489707947]}